,player_conc,player_name,position,player_id
0,Josh McCownQB,Josh McCown,QB,5967
1,Jared CookTE,Jared Cook,TE,9353
2,Ben TateRB,Ben Tate,RB,24033
3,Bilal PowellRB,Bilal Powell,RB,24913
4,Brock OsweilerQB,Brock Osweiler,QB,25767
5,Charles ClayTE,Charles Clay,TE,24961
6,C.J. FiedorowiczTE,C.J. Fiedorowicz,TE,27593
7,Adam HumphriesWR,Adam Humphries,WR,29070
8,Alex CollinsRB,Alex Collins,RB,29405
9,Ameer AbdullahRB,Ameer Abdullah,RB,28442
10,Brian HillRB,Brian Hill,RB,30269
11,Cameron MeredithWR,Cameron Meredith,WR,28697
12,Antonio CallawayWR,Antonio Callaway,WR,31075
13,Carlos HydeRB,Carlos Hyde,RB,27585
14,Chris CarsonRB,Chris Carson,RB,30362
15,Chris HoganWR,Chris Hogan,WR,25178
16,Bryan EdwardsWR,Bryan Edwards,WR,32751
17,Chris ThompsonRB,Chris Thompson,RB,26777
18,Cole BeasleyWR,Cole Beasley,WR,26060
19,Daniel JonesQB,Daniel Jones,QB,31838
20,Darrell HendersonRB,Darrell Henderson,RB,31902
21,Darren WallerTE,Darren Waller,TE,28592
22,Devontae BookerRB,Devontae Booker,RB,29370
23,Michael Pittman Jr.WR,Michael Pittman Jr.,WR,32704
24,Rod SmithRB,Rod Smith,RB,3328
25,St. LouisDEF,St. Louis,DEF,5239
26,Dennis PittaTE,Dennis Pitta,TE,24089
27,Isaac RedmanRB,Isaac Redman,RB,9674
28,Sam BradfordQB,Sam Bradford,QB,23976
29,Dion LewisRB,Dion Lewis,RB,24936
30,Dontrelle InmanWR,Dontrelle Inman,WR,25120
31,Mark Ingram IIRB,Mark Ingram II,RB,24815
32,Roy HeluRB,Roy Helu,RB,24892
33,Terrelle PryorWR,Terrelle Pryor,WR,25681
35,Titus YoungWR,Titus Young,WR,24831
36,Vincent BrownWR,Vincent Brown,WR,24869
37,Daryl RichardsonRB,Daryl Richardson,RB,25962
38,Kendall WrightWR,Kendall Wright,WR,25730
39,Marvin JonesWR,Marvin Jones,WR,25876
40,Mohamed SanuWR,Mohamed Sanu,WR,25793
41,Rishard MatthewsWR,Rishard Matthews,WR,25937
42,Jack DoyleTE,Jack Doyle,TE,27299
43,Justin HunterWR,Justin Hunter,WR,26657
44,Mike GillisleeRB,Mike Gillislee,RB,26787
45,Theo RiddickRB,Theo Riddick,RB,26822
46,Tyler EifertTE,Tyler Eifert,TE,26644
47,Charles SimsRB,Charles Sims,RB,27597
48,Donte MoncriefWR,Donte Moncrief,WR,27618
49,Kapri BibbsRB,Kapri Bibbs,RB,27821
50,Marqise LeeWR,Marqise Lee,WR,27567
51,Paul Richardson Jr.WR,Paul Richardson Jr.,WR,27573
52,Taylor GabrielWR,Taylor Gabriel,WR,28234
53,Trey BurtonTE,Trey Burton,TE,27789
54,Willie SneadWR,Willie Snead,WR,28026
55,Eli RogersWR,Eli Rogers,WR,28669
56,Jay AjayiRB,Jay Ajayi,RB,28537
57,Kevin WhiteWR,Kevin White,WR,28395
58,Melvin GordonRB,Melvin Gordon,RB,28403
59,T.J. YeldonRB,T.J. Yeldon,RB,28424
60,Thomas RawlsRB,Thomas Rawls,RB,28714
61,Todd GurleyRB,Todd Gurley,RB,28398
62,Tyrell WilliamsWR,Tyrell Williams,WR,28691
63,DeAndre WashingtonRB,DeAndre Washington,RB,29377
64,Geronimo AllisonWR,Geronimo Allison,WR,29719
65,Jalen RichardRB,Jalen Richard,RB,30000
66,Jordan HowardRB,Jordan Howard,RB,29384
67,Josh DoctsonWR,Josh Doctson,WR,29256
68,Kenneth DixonRB,Kenneth Dixon,RB,29368
69,Kenneth FarrowRB,Kenneth Farrow,RB,29518
70,Malcolm MitchellWR,Malcolm Mitchell,WR,29346
71,Paul PerkinsRB,Paul Perkins,RB,29383
72,Rob KelleyRB,Rob Kelley,RB,29694
73,Dede WestbrookWR,Dede Westbrook,WR,30223
74,Elijah McGuireRB,Elijah McGuire,RB,30301
75,Justin DavisRB,Justin Davis,RB,30370
76,Tarik CohenRB,Tarik Cohen,RB,30232
77,Wayne Gallman Jr.RB,Wayne Gallman Jr.,RB,30253
78,Zay JonesWR,Zay Jones,WR,30150
79,Hayden HurstTE,Hayden Hurst,TE,30995
80,Ito SmithRB,Ito Smith,RB,31096
81,Jaylen SamuelsRB,Jaylen Samuels,RB,31135
82,Josh AdamsRB,Josh Adams,RB,31567
83,Kalen BallageRB,Kalen Ballage,RB,31100
84,Kerryon JohnsonRB,Kerryon Johnson,RB,31013
85,Mike GesickiTE,Mike Gesicki,TE,31012
86,Noah FantTE,Noah Fant,TE,31852
87,T.J. HockensonTE,T.J. Hockenson,TE,31840
88,Jerry JeudyWR,Jerry Jeudy,WR,32685
89,Marquez CallawayWR,Marquez Callaway,WR,33109
90,Zack MossRB,Zack Moss,RB,32756
91,Trevor LawrenceQB,Trevor Lawrence,QB,33389
92,Trey SermonRB,Trey Sermon,RB,33476
93,A.J. BrownWR,A.J. Brown,WR,31883
94,A.J. GreenWR,A.J. Green,WR,24791
95,Aaron HernandezTE,Aaron Hernandez,TE,24088
96,Aaron JonesRB,Aaron Jones,RB,30295
97,Aaron RodgersQB,Aaron Rodgers,QB,7200
98,Adam ThielenWR,Adam Thielen,WR,27277
99,Adam VinatieriK,Adam Vinatieri,K,3727
100,Adrian PetersonRB,Adrian Peterson,RB,8261
101,Ahmad BradshawRB,Ahmad Bradshaw,RB,8504
102,AJ DillonRB,AJ Dillon,RB,32732
103,Alex SmithQB,Alex Smith,QB,7177
104,Alexander MattisonRB,Alexander Mattison,RB,31934
105,Alfred BlueRB,Alfred Blue,RB,27709
106,Alfred MorrisRB,Alfred Morris,RB,25883
107,Allen HurnsWR,Allen Hurns,WR,27874
108,Allen Robinson IIWR,Allen Robinson II,WR,27589
109,Alshon JefferyWR,Alshon Jeffery,WR,25755
110,Alvin KamaraRB,Alvin Kamara,RB,30180
111,Amari CooperWR,Amari Cooper,WR,28392
112,Andre BrownRB,Andre Brown,RB,9393
113,Andre EllingtonRB,Andre Ellington,RB,26810
114,Andre JohnsonWR,Andre Johnson,WR,6339
115,Andre WilliamsRB,Andre Williams,RB,27641
116,Andrew LuckQB,Andrew Luck,QB,25711
117,Andy DaltonQB,Andy Dalton,QB,24822
118,Anquan BoldinWR,Anquan Boldin,WR,6390
119,Anthony MillerWR,Anthony Miller,WR,31021
120,Antonio BrownWR,Antonio Brown,WR,24171
121,Antonio GatesTE,Antonio Gates,TE,6663
122,Antonio GibsonRB,Antonio Gibson,RB,32736
123,Arian FosterRB,Arian Foster,RB,9527
124,ArizonaDEF,Arizona,DEF,100022
125,AtlantaDEF,Atlanta,DEF,100001
126,Austin EkelerRB,Austin Ekeler,RB,30423
127,Austin HooperTE,Austin Hooper,TE,29315
128,Baker MayfieldQB,Baker Mayfield,QB,30971
129,BaltimoreDEF,Baltimore,DEF,100033
130,Beanie WellsRB,Beanie Wells,RB,9295
131,Ben RoethlisbergerQB,Ben Roethlisberger,QB,6770
132,Ben WatsonTE,Ben Watson,TE,6791
133,BenJarvus Green-EllisRB,BenJarvus Green-Ellis,RB,9039
134,Benny Snell Jr.RB,Benny Snell Jr.,RB,31954
135,Bishop SankeyRB,Bishop Sankey,RB,27582
136,Blair WalshK,Blair Walsh,K,25885
137,Blake BortlesQB,Blake Bortles,QB,27531
138,Boston ScottRB,Boston Scott,RB,31171
139,Branden OliverRB,Branden Oliver,RB,28272
140,Brandin CooksWR,Brandin Cooks,WR,27548
141,Brandon AiyukWR,Brandon Aiyuk,WR,32695
142,Brandon LaFellWR,Brandon LaFell,WR,24053
143,Brandon LloydWR,Brandon Lloyd,WR,6460
144,Brandon MarshallWR,Brandon Marshall,WR,7868
145,Brandon MyersTE,Brandon Myers,TE,9466
146,Breshad PerrimanWR,Breshad Perriman,WR,28414
147,BuffaloDEF,Buffalo,DEF,100002
148,C.J. AndersonRB,C.J. Anderson,RB,26878
149,C.J. SpillerRB,C.J. Spiller,RB,23984
150,Cairo SantosK,Cairo Santos,K,28227
151,Calvin JohnsonWR,Calvin Johnson,WR,8256
152,Calvin RidleyWR,Calvin Ridley,WR,30996
153,Cam AkersRB,Cam Akers,RB,32722
154,Cam NewtonQB,Cam Newton,QB,24788
155,Cameron Artis-PayneRB,Cameron Artis-Payne,RB,28562
156,Cameron BrateTE,Cameron Brate,TE,28267
157,CarolinaDEF,Carolina,DEF,100029
158,Carson PalmerQB,Carson Palmer,QB,6337
159,Carson WentzQB,Carson Wentz,QB,29236
160,Case KeenumQB,Case Keenum,QB,26483
161,Cecil Shorts IIIWR,Cecil Shorts III,WR,24901
162,CeeDee LambWR,CeeDee Lamb,WR,32687
163,Chandler CatanzaroK,Chandler Catanzaro,K,28103
164,Charcandrick WestRB,Charcandrick West,RB,28044
165,Charles JohnsonWR,Charles Johnson,WR,26839
166,Chase ClaypoolWR,Chase Claypool,WR,32719
167,Chase EdmondsRB,Chase Edmonds,RB,31104
168,ChicagoDEF,Chicago,DEF,100003
169,Chris ConleyWR,Chris Conley,WR,28464
170,Chris GodwinWR,Chris Godwin,WR,30197
171,Chris HerndonTE,Chris Herndon,TE,31077
172,Chris IvoryRB,Chris Ivory,RB,24400
173,Chris JohnsonRB,Chris Johnson,RB,8801
174,Christian KirkWR,Christian Kirk,WR,31017
175,Christian McCaffreyRB,Christian McCaffrey,RB,30121
176,Christine MichaelRB,Christine Michael,RB,26685
177,Chuba HubbardRB,Chuba Hubbard,RB,33514
178,CincinnatiDEF,Cincinnati,DEF,100004
179,ClevelandDEF,Cleveland,DEF,100005
180,Clyde Edwards-HelaireRB,Clyde Edwards-Helaire,RB,32702
181,Coby FleenerTE,Coby Fleener,TE,25744
182,Cody ParkeyK,Cody Parkey,K,27911
183,Colin KaepernickQB,Colin Kaepernick,QB,24823
184,Connor BarthK,Connor Barth,K,9219
185,Cooper KuppWR,Cooper Kupp,WR,30182
186,Cordarrelle PattersonRB,Cordarrelle Patterson,RB,26652
,Cordarrelle PattersonWR,Cordarrelle Patterson,WR,26652
187,Corey ColemanWR,Corey Coleman,WR,29249
188,Corey DavisWR,Corey Davis,WR,30118
189,Courtland SuttonWR,Courtland Sutton,WR,31010
190,Curtis SamuelWR,Curtis Samuel,WR,30153
191,DJ CharkWR,D.J. Chark,WR,31031
192,DJ MooreWR,DJ Moore,WR,30994
193,DK MetcalfWR,DK Metcalf,WR,31896
194,Dak PrescottQB,Dak Prescott,QB,29369
195,DallasDEF,Dallas,DEF,100006
196,Dallas GoedertTE,Dallas Goedert,TE,31019
197,Dalvin CookRB,Dalvin Cook,RB,30154
198,Damien HarrisRB,Damien Harris,RB,31919
199,Damien WilliamsRB,Damien Williams,RB,28115
200,Dan BaileyK,Dan Bailey,K,25427
201,Dan CarpenterK,Dan Carpenter,K,9032
202,Danario AlexanderWR,Danario Alexander,WR,24757
203,D'Andre SwiftRB,D'Andre Swift,RB,32705
204,Daniel HerronRB,Daniel Herron,RB,25901
205,Danny AmendolaWR,Danny Amendola,WR,9037
206,Danny WoodheadRB,Danny Woodhead,RB,9560
207,Dante PettisWR,Dante Pettis,WR,31014
208,Darius SlaytonWR,Darius Slayton,WR,32003
210,Darren McFaddenRB,Darren McFadden,RB,8781
211,Darren SprolesRB,Darren Sproles,RB,7306
212,Darwin ThompsonRB,Darwin Thompson,RB,32046
213,Davante AdamsWR,Davante Adams,WR,27581
214,David AkersK,David Akers,K,4587
215,David JohnsonRB,David Johnson,RB,28474
216,David MontgomeryRB,David Montgomery,RB,31905
217,David NjokuTE,David Njoku,TE,30142
218,David WilsonRB,David Wilson,RB,25742
219,DeAndre HopkinsWR,DeAndre Hopkins,WR,26650
220,DeAngelo WilliamsRB,DeAngelo Williams,RB,7776
221,Deebo SamuelWR,Deebo Samuel,WR,31868
222,Delanie WalkerTE,Delanie Walker,TE,7924
223,DeMarco MurrayRB,DeMarco Murray,RB,24858
224,Demaryius ThomasWR,Demaryius Thomas,WR,23997
225,Denard RobinsonRB,Denard Robinson,RB,26758
226,Denarius MooreWR,Denarius Moore,WR,24935
227,Dennis JohnsonRB,Dennis Johnson,RB,27311
228,DenverDEF,Denver,DEF,100007
229,Derek CarrQB,Derek Carr,QB,27564
230,Derrick HenryRB,Derrick Henry,RB,29279
232,DeSean JacksonWR,DeSean Jackson,WR,8826
233,Deshaun WatsonQB,Deshaun Watson,QB,30125
234,DetroitDEF,Detroit,DEF,100008
235,DeVante ParkerWR,DeVante Parker,WR,28402
237,Devin FunchessWR,Devin Funchess,WR,28429
238,Devin SingletaryRB,Devin Singletary,RB,31906
239,Devonta FreemanRB,Devonta Freeman,RB,27631
240,DeVonta SmithWR,Devonta Smith,WR,33398
241,Dez BryantWR,Dez Bryant,WR,23999
242,Diontae JohnsonWR,Diontae Johnson,WR,31898
244,Dorial Green-BeckhamWR,Dorial Green-Beckham,WR,28428
245,Doug BaldwinWR,Doug Baldwin,WR,25105
246,Doug MartinRB,Doug Martin,RB,25741
247,Drew BreesQB,Drew Brees,QB,5479
248,Drew LockQB,Drew Lock,QB,31874
249,Duke JohnsonRB,Duke Johnson,RB,28465
251,Dwayne AllenTE,Dwayne Allen,TE,25774
252,Dwayne BoweWR,Dwayne Bowe,WR,8277
253,Dwayne WashingtonRB,Dwayne Washington,RB,29470
254,Eddie LacyRB,Eddie Lacy,RB,26684
255,Eli ManningQB,Eli Manning,QB,6760
256,Emmanuel SandersWR,Emmanuel Sanders,WR,24057
257,Eric DeckerWR,Eric Decker,WR,24062
258,Eric EbronTE,Eric Ebron,TE,27538
259,Evan EngramTE,Evan Engram,TE,30136
260,Ezekiel ElliottRB,Ezekiel Elliott,RB,29238
261,Felix JonesRB,Felix Jones,RB,8799
262,Fozzy WhittakerRB,Fozzy Whittaker,RB,26596
263,Frank GoreRB,Frank Gore,RB,7241
264,Fred DavisTE,Fred Davis,TE,8825
265,Fred JacksonRB,Fred Jackson,RB,8063
266,Gardner Minshew IIQB,Gardner Minshew II,QB,32010
267,Garrett HartleyK,Garrett Hartley,K,9222
268,Gary BarnidgeTE,Gary Barnidge,TE,8907
269,George KittleTE,George Kittle,TE,30259
270,Gerald EverettTE,Gerald Everett,TE,30157
271,Giovani BernardRB,Giovani Bernard,RB,26660
272,Golden TateWR,Golden Tate,WR,24035
273,Graham GanoK,Graham Gano,K,9526
274,Green BayDEF,Green Bay,DEF,100009
275,Greg JenningsWR,Greg Jennings,WR,7801
276,Greg OlsenTE,Greg Olsen,TE,8285
277,Gus EdwardsRB,Gus Edwards,RB,31424
278,Hakeem NicksWR,Hakeem Nicks,WR,9293
279,Harry DouglasWR,Harry Douglas,WR,8861
280,Heath MillerTE,Heath Miller,TE,7206
281,HoustonDEF,Houston,DEF,100034
282,Hunter HenryTE,Hunter Henry,TE,29269
283,IndianapolisDEF,Indianapolis,DEF,100011
284,Isaiah CrowellRB,Isaiah Crowell,RB,28014
285,J.D. McKissicRB,J.D. McKissic,RB,29650
286,J.K. DobbinsRB,J.K. Dobbins,RB,32725
287,Jackie BattleRB,Jackie Battle,RB,8739
288,JacksonvilleDEF,Jacksonville,DEF,100030
289,Jacob HollisterTE,Jacob Hollister,TE,30661
290,Jacoby BrissettQB,Jacoby Brissett,QB,29325
291,Jacquizz RodgersRB,Jacquizz Rodgers,RB,24932
292,Jakobi MeyersWR,Jakobi Meyers,WR,32231
293,Jalen HurtsQB,Jalen Hurts,QB,32723
294,Jamaal CharlesRB,Jamaal Charles,RB,8850
295,Jamaal WilliamsRB,Jamaal Williams,RB,30247
296,Ja'Marr ChaseWR,Ja'Marr Chase,WR,33393
297,Jameis WinstonQB,Jameis Winston,QB,28389
298,James ConnerRB,James Conner,RB,30218
299,James JonesWR,James Jones,WR,8332
300,James RobinsonRB,James Robinson,RB,33138
301,James StarksRB,James Starks,RB,24169
302,James WashingtonWR,James Washington,WR,31030
303,James WhiteRB,James White,RB,27658
304,Jamison CrowderWR,Jamison Crowder,WR,28493
305,Jared GoffQB,Jared Goff,QB,29235
306,Jarvis LandryWR,Jarvis Landry,WR,27591
307,Jason HansonK,Jason Hanson,K,2034
308,Jason WittenTE,Jason Witten,TE,6405
309,Javonte WilliamsRB,Javonte Williams,RB,33423
310,Javorius AllenRB,Javorius Allen,RB,28513
311,Jay CutlerQB,Jay Cutler,QB,7760
312,Jaylen WaddleWR,Jaylen Waddle,WR,33394
313,Jeff Wilson Jr.RB,Jeff Wilson Jr.,RB,31394
314,Jeremy HillRB,Jeremy Hill,RB,27583
315,Jeremy LangfordRB,Jeremy Langford,RB,28494
316,Jeremy MaclinWR,Jeremy Maclin,WR,9283
317,Jerick McKinnonRB,Jerick McKinnon,RB,27624
318,Jermaine GreshamTE,Jermaine Gresham,TE,23996
319,Jermichael FinleyTE,Jermichael Finley,TE,8868
320,Jimmy GaroppoloQB,Jimmy Garoppolo,QB,27590
321,Jimmy GrahamTE,Jimmy Graham,TE,24070
322,Joe BurrowQB,Joe Burrow,QB,32671
323,Joe FlaccoQB,Joe Flacco,QB,8795
324,Joe MixonRB,Joe Mixon,RB,30161
325,John BrownWR,John Brown,WR,27619
326,Johnny ManzielQB,Johnny Manziel,QB,27550
327,Joique BellRB,Joique Bell,RB,24262
328,Jonas GrayRB,Jonas Gray,RB,26273
329,Jonathan StewartRB,Jonathan Stewart,RB,8790
330,Jonathan TaylorRB,Jonathan Taylor,RB,32711
331,Jonathan WilliamsRB,Jonathan Williams,RB,29390
332,Jordan CameronTE,Jordan Cameron,TE,24889
333,Jordan MatthewsWR,Jordan Matthews,WR,27570
334,Jordan ReedTE,Jordan Reed,TE,26708
335,Jordan TodmanRB,Jordan Todman,RB,24970
336,Jordy NelsonWR,Jordy Nelson,WR,8813
337,Joseph RandleRB,Joseph Randle,RB,26774
338,Josh AllenQB,Josh Allen,QB,30977
339,Josh BrownK,Josh Brown,K,6558
340,Josh GordonWR,Josh Gordon,WR,26561
341,Josh JacobsRB,Josh Jacobs,RB,31856
342,Josh ReynoldsWR,Josh Reynolds,WR,30230
343,JuJu Smith-SchusterWR,JuJu Smith-Schuster,WR,30175
344,Julian EdelmanWR,Julian Edelman,WR,9496
345,Julio JonesWR,Julio Jones,WR,24793
346,Julius ThomasTE,Julius Thomas,TE,24916
347,Justin FieldsQB,Justin Fields,QB,33399
348,Justin ForsettRB,Justin Forsett,RB,9010
349,Justin HerbertQB,Justin Herbert,QB,32676
350,Justin JacksonRB,Justin Jackson,RB,31221
351,Justin JeffersonWR,Justin Jefferson,WR,32692
352,Justin TuckerK,Justin Tucker,K,26534
353,Kamar AikenWR,Kamar Aiken,WR,25379
354,Kansas CityDEF,Kansas City,DEF,100012
355,Kareem HuntRB,Kareem Hunt,RB,30199
356,Karlos WilliamsRB,Karlos Williams,RB,28543
357,Keelan ColeWR,Keelan Cole,WR,30396
358,Keenan AllenWR,Keenan Allen,WR,26699
359,Keke CouteeWR,Keke Coutee,WR,31073
360,Kelvin BenjaminWR,Kelvin Benjamin,WR,27556
361,Kenny BrittWR,Kenny Britt,WR,9294
362,Kenny GolladayWR,Kenny Golladay,WR,30209
363,Kenny StillsWR,Kenny Stills,WR,26767
364,Kenyan DrakeRB,Kenyan Drake,RB,29307
365,Kerwynn WilliamsRB,Kerwynn Williams,RB,26853
366,Kirk CousinsQB,Kirk Cousins,QB,25812
367,Knile DavisRB,Knile Davis,RB,26719
368,Knowshon MorenoRB,Knowshon Moreno,RB,9276
369,Kyle PittsTE,Kyle Pitts,TE,33392
370,Kyle RudolphTE,Kyle Rudolph,TE,24830
371,Kyler MurrayQB,Kyler Murray,QB,31833
372,Laviska Shenault Jr.WR,Laviska Shenault Jr.,WR,32712
373,Los Angeles (LAC)DEF,LA Chargers,DEF,100024
374,Los Angeles (LAR)DEF,LA Rams,DEF,100014
375,Ladarius GreenTE,Ladarius Green,TE,25820
376,Lamar JacksonQB,Lamar Jackson,QB,31002
377,Lamar MillerRB,Lamar Miller,RB,25807
378,Lance MooreWR,Lance Moore,WR,7544
379,Larry FitzgeraldWR,Larry Fitzgerald,WR,6762
380,Las VegasDEF,Las Vegas,DEF,100013
381,Latavius MurrayRB,Latavius Murray,RB,26804
382,Lawrence TynesK,Lawrence Tynes,K,7022
383,LeGarrette BlountRB,LeGarrette Blount,RB,24318
384,Leonard FournetteRB,Leonard Fournette,RB,30117
385,LeSean McCoyRB,LeSean McCoy,RB,9317
386,Le'Veon BellRB,Le'Veon Bell,RB,26671
387,Logan ThomasTE,Logan Thomas,TE,27648
391,Malcom FloydWR,Malcom Floyd,WR,7149
392,Marcus MariotaQB,Marcus Mariota,QB,28390
393,Mark AndrewsTE,Mark Andrews,TE,31056
395,Mark SanchezQB,Mark Sanchez,QB,9269
396,Markus WheatonWR,Markus Wheaton,WR,26702
397,Marlon MackRB,Marlon Mack,RB,30256
398,Marques ColstonWR,Marques Colston,WR,8001
399,Marquess WilsonWR,Marquess Wilson,WR,26859
400,Marquez Valdes-ScantlingWR,Marquez Valdes-Scantling,WR,31144
401,Marquise BrownWR,Marquise Brown,WR,31857
402,Marquise GoodwinWR,Marquise Goodwin,WR,26701
403,Marshawn LynchRB,Marshawn Lynch,RB,8266
404,Martavis BryantWR,Martavis Bryant,WR,27646
405,Martellus BennettTE,Martellus Bennett,TE,8838
407,Mason CrosbyK,Mason Crosby,K,8447
408,Matt BarkleyQB,Matt Barkley,QB,26721
409,Matt BreidaRB,Matt Breida,RB,30552
410,Matt BryantK,Matt Bryant,K,6243
411,Matt ForteRB,Matt Forte,RB,8821
412,Matt JonesRB,Matt Jones,RB,28483
413,Matt PraterK,Matt Prater,K,8565
414,Matt RyanQB,Matt Ryan,QB,8780
415,Matthew StaffordQB,Matthew Stafford,QB,9265
416,Maurice Jones-DrewRB,Maurice Jones-Drew,RB,7809
417,Mecole HardmanWR,Mecole Hardman,WR,31888
419,MiamiDEF,Miami,DEF,100015
420,Michael BushRB,Michael Bush,RB,8354
421,Michael CarterRB,Michael Carter,RB,33495
422,Michael CrabtreeWR,Michael Crabtree,WR,9274
423,Michael FloydWR,Michael Floyd,WR,25723
424,Michael GallupWR,Michael Gallup,WR,31051
425,Michael ThomasWR,Michael Thomas,WR,29281
426,Michael TurnerRB,Michael Turner,RB,6913
427,Mike BooneRB,Mike Boone,RB,31228
428,Mike DavisRB,Mike Davis,RB,28514
429,Mike EvansWR,Mike Evans,WR,27535
430,Mike NugentK,Mike Nugent,K,7223
431,Mike TolbertRB,Mike Tolbert,RB,9043
432,Mike VickQB,Mike Vick,QB,5448
433,Mike WallaceWR,Mike Wallace,WR,9348
,Mike Williams SeahawksWR,Mike Williams,WR,7186
434,Michael WilliamsWR,Mike Williams,WR,24076
435,Mike WilliamsWR,Mike Williams (TBB),WR,30120
436,Mikel LeshoureRB,Mikel Leshoure,RB,24844
437,Miles AustinWR,Miles Austin,WR,8021
438,Miles SandersRB,Miles Sanders,RB,31885
439,MinnesotaDEF,Minnesota,DEF,100016
440,Mitch TrubiskyQB,Mitch Trubisky,QB,30115
442,Montee BallRB,Montee Ball,RB,26681
443,Mychal RiveraTE,Mychal Rivera,TE,26807
444,Myles GaskinRB,Myles Gaskin,RB,32066
445,Najee HarrisRB,Najee Harris,RB,33412
446,Nate BurlesonWR,Nate Burleson,WR,6407
447,Nelson AgholorWR,Nelson Agholor,WR,28408
448,New EnglandDEF,New England,DEF,100017
449,New OrleansDEF,New Orleans,DEF,100018
450,New YorkDEF,New York,DEF,100019
451,New York (NYJ)DEF,New York (NYJ),DEF,100020
452,Nick ChubbRB,Nick Chubb,RB,31005
453,Nick FolesQB,Nick Foles,QB,25798
454,Nyheim HinesRB,Nyheim Hines,RB,31074
455,O.J. HowardTE,O.J. Howard,TE,30132
456,Odell Beckham Jr.WR,Odell Beckham Jr.,WR,27540
457,Owen DanielsTE,Owen Daniels,TE,7847
458,Patrick MahomesQB,Patrick Mahomes,QB,30123
459,Percy HarvinWR,Percy Harvin,WR,9286
460,Peyton HillisRB,Peyton Hillis,RB,9004
461,Peyton ManningQB,Peyton Manning,QB,4256
462,Phil DawsonK,Phil Dawson,K,4269
463,PhiladelphiaDEF,Philadelphia,DEF,100021
464,Philip RiversQB,Philip Rivers,QB,6763
465,Phillip LindsayRB,Phillip Lindsay,RB,31379
466,Pierre GarconWR,Pierre Garcon,WR,8982
467,Pierre ThomasRB,Pierre Thomas,RB,8561
468,PittsburghDEF,Pittsburgh,DEF,100023
469,Raheem MostertRB,Raheem Mostert,RB,28654
470,Rhamondre StevensonRB,Rhamondre Stevenson,RB,33508
471,Randall CobbWR,Randall Cobb,WR,24851
472,Rashaad PennyRB,Rashaad Penny,RB,30997
473,Rashad JenningsRB,Rashad Jennings,RB,9514
474,Rashard MendenhallRB,Rashard Mendenhall,RB,8800
475,Ray RiceRB,Ray Rice,RB,8832
476,Reggie BushRB,Reggie Bush,RB,7751
477,Reggie WayneWR,Reggie Wayne,WR,5477
478,Rex BurkheadRB,Rex Burkhead,RB,26813
479,Richard RodgersTE,Richard Rodgers,TE,27626
480,Ricky Seals-JonesTE,Ricky Seals-Jones,TE,30494
481,Riley CooperWR,Riley Cooper,WR,24135
482,Rob GronkowskiTE,Rob Gronkowski,TE,24017
483,Robbie AndersonWR,Robbie Anderson,WR,29785
485,Robert FosterWR,Robert Foster,WR,31601
486,Robert Griffin IIIQB,Robert Griffin III,QB,25712
487,Robert MeachemWR,Robert Meachem,WR,8281
488,Robert TonyanTE,Robert Tonyan,TE,30777
489,Robert WoodsWR,Robert Woods,WR,26664
490,Roddy WhiteWR,Roddy White,WR,7203
491,Ronald Jones IIRB,Ronald Jones II,RB,31008
492,Rondale MooreWR,Rondale Moore,WR,33437
493,Ronnie HillmanRB,Ronnie Hillman,RB,25777
494,Royce FreemanRB,Royce Freeman,RB,31041
495,Rueben RandleWR,Rueben Randle,WR,25773
496,Russell GageWR,Russell Gage,WR,31164
497,Russell WilsonQB,Russell Wilson,QB,25785
498,Ryan FitzpatrickQB,Ryan Fitzpatrick,QB,7426
499,Ryan MathewsRB,Ryan Mathews,RB,23987
500,Ryan SuccopK,Ryan Succop,K,9520
501,Ryan TannehillQB,Ryan Tannehill,QB,25718
502,Salvon AhmedRB,Salvon Ahmed,RB,33265
503,Sam DarnoldQB,Sam Darnold,QB,30973
504,Sammy WatkinsWR,Sammy Watkins,WR,27532
505,San FranciscoDEF,San Francisco,DEF,100025
506,Saquon BarkleyRB,Saquon Barkley,RB,30972
507,Scott ChandlerTE,Scott Chandler,TE,8383
508,SeattleDEF,Seattle,DEF,100026
509,Sebastian JanikowskiK,Sebastian Janikowski,K,5046
510,Shane VereenRB,Shane Vereen,RB,24843
511,Shaun DraughnRB,Shaun Draughn,RB,25481
512,Shayne GrahamK,Shayne Graham,K,5854
513,Shonn GreeneRB,Shonn Greene,RB,9329
514,Sony MichelRB,Sony Michel,RB,31001
515,Spencer WareRB,Spencer Ware,RB,26817
516,Stefon DiggsWR,Stefon Diggs,WR,28534
517,Stephen AndersonTE,Stephen Anderson,TE,29789
518,Stephen GostkowskiK,Stephen Gostkowski,K,7867
519,Stephen HauschkaK,Stephen Hauschka,K,9066
520,Sterling ShepardWR,Sterling Shepard,WR,29274
521,Stevan RidleyRB,Stevan Ridley,RB,24860
522,Steve Smith Sr.WR,Steve Smith Sr.,WR,5521
523,Steven JacksonRB,Steven Jackson,RB,6783
524,Stevie JohnsonWR,Stevie Johnson,WR,9001
525,T.Y. HiltonWR,T.Y. Hilton,WR,25802
526,Tampa BayDEF,Tampa Bay,DEF,100027
527,Tavon AustinWR,Tavon Austin,WR,26631
528,Ted Ginn Jr.WR,Ted Ginn Jr.,WR,8263
529,Teddy BridgewaterQB,Teddy Bridgewater,QB,27560
530,Tee HigginsWR,Tee Higgins,WR,32703
531,TennesseeDEF,Tennessee,DEF,100010
532,Terrance WestRB,Terrance West,RB,27622
533,Terrance WilliamsWR,Terrance Williams,WR,26697
534,Terry McLaurinWR,Terry McLaurin,WR,31908
535,Tevin ColemanRB,Tevin Coleman,RB,28461
536,Tim HightowerRB,Tim Hightower,RB,8926
537,Tim PatrickWR,Tim Patrick,WR,30511
538,Toby GerhartRB,Toby Gerhart,RB,24026
540,Tom BradyQB,Tom Brady,QB,5228
541,Tony GonzalezTE,Tony Gonzalez,TE,3950
542,Tony PollardRB,Tony Pollard,RB,31960
543,Tony RomoQB,Tony Romo,QB,6624
544,Torrey SmithWR,Torrey Smith,WR,24845
545,Travis BenjaminWR,Travis Benjamin,WR,25810
546,Travis KelceTE,Travis Kelce,TE,26686
547,Tre MasonRB,Tre Mason,RB,27603
548,Trent RichardsonRB,Trent Richardson,RB,25713
549,Trey LanceQB,Trey Lance,QB,33391
550,Tua TagovailoaQB,Tua Tagovailoa,QB,32675
551,Ty JohnsonRB,Ty Johnson,RB,32018
552,Ty MontgomeryRB,Ty Montgomery,RB,28482
553,Tyler BoydWR,Tyler Boyd,WR,29288
554,Tyler HigbeeTE,Tyler Higbee,TE,29344
555,Tyler LockettWR,Tyler Lockett,WR,28457
556,Tyreek HillWR,Tyreek Hill,WR,29399
557,Tyrod TaylorQB,Tyrod Taylor,QB,24967
558,Vance McDonaldTE,Vance McDonald,TE,26678
559,Vernon DavisTE,Vernon Davis,TE,7755
560,Vick BallardRB,Vick Ballard,RB,25880
561,Victor CruzWR,Victor Cruz,WR,24553
562,Vincent JacksonWR,Vincent Jackson,WR,7237
563,WashingtonDEF,Washington,DEF,100028
564,Wes WelkerWR,Wes Welker,WR,7027
565,Will Fuller VWR,Will Fuller V,WR,29255
567,Willis McGaheeRB,Willis McGahee,RB,6359
568,Zac StacyRB,Zac Stacy,RB,26783
569,Zach ErtzTE,Zach Ertz,TE,26658
570,Zach MillerTE,Zach Miller,TE,9444
571,Zach PascalWR,Zach Pascal,WR,30502
572,Elijah MooreWR,Elijah Moore,WR,33422
573,Elijah MitchellRB,Elijah Mitchell,RB,33582
574,Zach WilsonQB,Zach Wilson,QB,33390
575,Dalton SchultzTE,Dalton Schultz,TE,31107
576,Gabe DavisWR,Gabe Davis,WR,32798
577,Hunter RenfrowWR,Hunter Renfrow,WR,31981
578,Sky MooreWR,Sky Moore,WR,34009
579,Treylon BurksWR,Treylon Burks,WR,33973
580,Breece HallRB,Breece Hall,RB,33991
581,Drake LondonWR,Drake London,WR,33963
582,Darnell MooneyWR,Darnell Mooney,WR,32843
583,Chris OlaveWR,Chris Olave,WR,33966
584,Allen LazardWR,Allen Lazard,WR,31268
585,Travis Etienne Jr.RB,Travis Etienne Jr.,RB,33413
586,Dameon PierceRB,Dameon Pierce,RB,34063
587,Mac JonesQB,Mac Jones,QB,33403
588,George PickensWR,George Pickens,WR,34007
589,Amon-Ra St. BrownWR,Amon-Ra St. Brown,WR,33500
590,Rashod BatemanWR,Rashod Bateman,WR,33415
,Derrius GuiceRB,Derrius Guice,RB,31029
,Alex HeneryK,Alex Henery,K,24907
